rank,amazon7425_id,original_amazon_id,gate,image_weight,image_url,profile,reasoning
1,5582,7082,0.8179500102996826,0.18204998970031738,"https://m.media-amazon.com/images/I/51i6fxb3lAL._SX331_BO1,204,203,200_.jpg",Readers who enjoy quirky and humorous writing will appreciate Strength by Carrie. This book has a fresh and unique voice that may appeal to fans of Penny Reid's Knitting in the City series.,"The endorsement from Penny Reid, a best selling author in the same genre, suggests that the writing style is similar to her own. The positive descriptors of the voice in the blurb also indicate a light and humorous tone that may be well-received by readers who enjoy those qualities in their books."
2,2843,3633,0.7916156649589539,0.20838433504104614,"https://m.media-amazon.com/images/I/41h5xXUluuL._SX333_BO1,204,203,200_.jpg","The Demon Trapper's Daughter is a young adult urban fantasy novel set in a dystopian Atlanta where demons roam the Earth. The book is ideal for readers who enjoy a blend of romance, fantasy, and mystery. It may appeal to fans of authors like Cassandra Clare and Holly Black. The plot revolves around a young girl, Riley, who is training to be a demon trapper like her father. After her father's death, she becomes caught up in a mystery involving demon attacks, a dangerous cult, and the reanimation of the dead. The novel has a religious element, which could be intriguing or irritating to readers depending on their beliefs. Teenagers who enjoy reading about strong-willed, intelligent female protagonists will appreciate this book.","The book has a compelling plot that combines multiple genres to tell an engrossing story. The mix of romance, fantasy, and mystery will appeal to a wide range of young adult readers. Additionally, the protagonist is a strong, determined young girl who defies societal norms to become a demon trapper. This will resonate with young readers who enjoy empowered female characters. The novel also touches on larger societal issues, such as the impact of economic collapse on communities. The religious aspect of the book adds an extra layer of depth to the story, which some readers may appreciate. Overall, The Demon Trapper's Daughter has a lot to offer young adult readers who enjoy fast-paced, multi-genre books with strong female leads."
3,3435,4401,0.7913350462913513,0.20866495370864868,"https://m.media-amazon.com/images/I/41j7Mda94aL._SY291_BO1,204,203,200_QL40_FMwebp_.jpg","Fans of young adult thrillers and romances with a supernatural aspect will enjoy The Unbecoming of Mara Dyer. The story is filled with creepy and twisty plotlines that will keep readers on the edge of their seats. Those who enjoy dark, complicated characters with flawed personalities, will especially appreciate this book.","The book's description and reviews suggest that the story leans towards the thriller and romance genres while incorporating supernatural elements. The positive reception of the author's writing and the intriguing and complex characters alludes to a character-driven plot that focuses on Mara's development. The book's blurb also implies that there will be an element of mystery throughout the book, enticing readers who enjoy the thrill of trying to solve a puzzle. "
4,4486,5737,0.7911344766616821,0.20886552333831787,"https://m.media-amazon.com/images/I/51X3FSpiaSL._SX332_BO1,204,203,200_.jpg","Fans of young adult fiction who enjoy action, mythology, and romance will likely enjoy Entice (Embrace) by Jessica Shirvington. This sequel follows 17-year-old Violet Eden as she continues her Grigori training to protect humankind from exiled angels and navigates romantic feelings for fellow Grigori Lincoln. Intricate mythology, action-suspsense, and romantic complexities ensue as Violet navigates a love triangle and battles a former lover and adversary. The engaging protagonist and vibrant supporting characters add further interest to the narrative, making for an enjoyable read. Suitable for readers in grades 10-12.","The book's emphasis on action, mythology, and romance, as well as the target audience of grades 10-12 suggest that fans of young adult fiction who enjoy these elements will be likely to enjoy Entice (Embrace). Additionally, readers who read and enjoyed the previous book in the series will likely appreciate this sequel's continuation of the story. The well-developed protagonist and supporting characters add further interest to the already engaging narrative. Overall, this book's themes and intended audience make it a good choice for readers who enjoy young adult fiction with elements of action, mythology, and romance."
5,445,581,0.7910810708999634,0.20891892910003662,"https://m.media-amazon.com/images/I/41uYCkQ7J4L._SX322_BO1,204,203,200_.jpg","Between the Lines is a fast-paced and fun love story that will appeal to young adults and fans of the romance genre. The book offers both coming-of-age and bad-boy redemption storylines as the characters navigate their way through the cutthroat world of Hollywood. Fans of Emma's strong character, along with those who enjoy a good love triangle, will be drawn to this book.","The descriptions of the book highlight the love story and competition between the characters, which will likely appeal to fans of the romance genre. Additionally, the coming-of-age elements and strong female lead will attract younger readers. Emma's character has both strong and relatable aspects, which will make her appealing to many readers. The love triangle is a common trope in the romance genre and can often draw in fans of the genre who enjoy that plot point. Overall, the combination of these elements makes Between the Lines an engaging read for those interested in romance and coming-of-age stories."
6,2,2,0.7909641861915588,0.20903581380844116,"https://m.media-amazon.com/images/I/51r1IAoLS-L._SY291_BO1,204,203,200_QL40_FMwebp_.jpg","Romance fans, especially those who enjoy a good Cinderella story, will enjoy Not Quite Dating. It tells the story of Jessie, a struggling single mom who meets Jack, a wealthy bachelor who falls for her without knowing her financial situation. The book has received positive reviews for its well-developed characters and witty dialogue. Readers who enjoy this book can continue the series with Not Quite Mine. However, those who do not enjoy romance novels may want to skip this one.","The book's description emphasizes the sweet romance and Cinderella fantasy elements, indicating that romance fans will enjoy it. The positive reviews further support this. The book's main conflict is overcome through the relationship between Jessie and Jack, making it less appealing to readers who are not fans of the romance genre. The mention of continuing the series also suggests that the book is targeted towards a specific group of readers. Overall, the book seems to cater primarily to romance fans who enjoy a well-written love story."
7,159,210,0.7907842993736267,0.2092157006263733,"https://m.media-amazon.com/images/I/412d9F2F5jL._SY291_BO1,204,203,200_QL40_FMwebp_.jpg","Fans of humorous, light-hearted romance novels would enjoy Head over Heels. Set in Lucky Harbor, the latest installment of Shalvis's award-winning series features well-developed characters and a perfect blend of humor, lust and love. This is a great weekend read for those looking to escape reality and indulge in a feel-good romance.","The positive reviews from Publishers Weekly, Library Journal and RomanceReviewsToday.com illustrate that Head Over Heels is a well-received romance novel. The quote from Carly Phillips also suggests that the book contains sizzling heat, which is often an important factor for fans of the genre. The mention of well-developed characters, humor, and a perfect blend of humor, lust and love suggests that this is a light-hearted romance novel that will appeal to readers looking for a weekend read that doesn't require too much serious thought. By mentioning that the book takes place in Lucky Harbor, the summarization suggests that readers may enjoy the book not only for its romance, but also for its setting. Overall, Head over Heels seems like an enjoyable, light-hearted read that fans of the genre would appreciate."
8,205,268,0.7906805276870728,0.20931947231292725,"https://m.media-amazon.com/images/I/41zc7g08frL._SX326_BO1,204,203,200_.jpg","Fans of new adult romance novels would enjoy Wait for You. The book revolves around the love story of a young woman who struggles to overcome her traumatic past while attending college and a fellow student who helps her heal. Although the peripheral characters lack depth, the main characters Avery and Cam are captivating. The ending neatly wraps up all plotlines and will leave readers feeling satisfied.","The book contains all the elements of a classic new adult romance novel such as a protagonist with a painful past, a male love interest who is supportive, secrets, and an eventual happy ending. Readers who enjoy this genre's typical characters, themes, and tropes will enjoy reading Wait for You. The main characters are well-developed, and their love story is romantic. Although the peripheral characters are underdeveloped, the readers rooting for the couple's happy ending will not care as the story concludes in a satisfying way."
9,2058,2596,0.7906538248062134,0.20934617519378662,"https://m.media-amazon.com/images/I/51AvzZ5skKL._SY291_BO1,204,203,200_QL40_FMwebp_.jpg","Young adult fiction fans, especially those who enjoy romance and coming-of-age stories would enjoy 'Anna and the French Kiss'. The book has witty characters, a steady-paced plot and is set in Paris, making it a perfect choice for readers who enjoy light-hearted romantic tales set in foreign cities.","The book's plot centers around a young girl sent to a boarding school in Paris where she meets a charming boy leading to a romance that's explored in a steady-paced manner. The book is perfect for young adult readers who enjoy romance, coming-of-age, and self-discovery tales. The witty dialogues and the captivating setting of Paris would appeal to readers who enjoy light-hearted romantic tales set in foreign cities. The book's age-appropriate language and sexual themes would appeal to older teens. All in all, 'Anna and the French Kiss' is a perfect choice for young adult fiction fans looking to enjoy a heart-warming story with moments of laughter, introspection, and romance."
10,3744,4815,0.790495753288269,0.20950424671173096,"https://m.media-amazon.com/images/I/51fCerMGZlL._SX306_BO1,204,203,200_.jpg","Fans of contemporary romance novels with steamy chemistry and a great sense of humor would enjoy 'About That Night (Berkley Sensation)' by Julie James. The dynamic between the main characters is electric, and the supporting cast adds a wonderful depth to the story. It would also appeal to those who enjoy romantic comedies and could even be adapted for the big screen.","The reviews and descriptions of 'About That Night' are consistent with a contemporary romance novel with a strong emphasis on the chemistry between the main characters and a good sense of humor. Both RT BookReviews Magazine and Romance Junkies note the strength of the characters and the romantic plot. Additionally, the fact that 'About That Night' has been described as being great for the big screen suggests that it has a strong visual and dramatic quality, which speaks to the novel's romantic comedy elements."
11,853,1135,0.7904922962188721,0.20950770378112793,"https://m.media-amazon.com/images/I/51+7S2Mv4mL._SX332_BO1,204,203,200_.jpg","This Is Not a Test is a book for mature young adults who enjoy reading about dark and intense themes such as abuse, suicide, and zombie apocalypse. The book is exceptionally written and evokes strong emotions from the reader as they follow the main character, Sloane, on her journey of survival and redemption. The book is not for the faint of heart and those who are easily triggered by themes of violence and psychological trauma.","The book deals with heavy and mature themes such as abuse and suicide that might not be suitable for young readers. Also, the book's portrayal of the zombie apocalypse is not glamorized or romanticized and depicts the harsh reality of survival in a lawless and violent world. The author's excellent writing evokes strong emotions of fear, dread, and empathy in the reader, making it a compelling read for those who enjoy dark and intense themes. However, the book's graphic violence and strong language might not be for everyone, and readers who are easily triggered by such themes should avoid it."
12,209,274,0.7904700636863708,0.20952993631362915,"https://m.media-amazon.com/images/I/41O5xMRRIOS._SX326_BO1,204,203,200_.jpg",Readers who enjoy romantic fiction with complex and layered characters dealing with life issues and want a story that can touch their heart will enjoy Tidal: A Novel by Emily Snow.,"The book's description emphasizes the hot romance between male and female protagonists who have deep and flawed personalities. The book also addresses life issues with class and has a setting that is described as amazing. This book has received positive feedback from various book blogs, which indicates that it has touched readers emotionally. Therefore, readers who desire complex romance stories with real-life themes and well-drawn characters will find Tidal: A Novel satisfying."
13,189,249,0.7904291749000549,0.20957082509994507,"https://m.media-amazon.com/images/I/51QeuYXyLDL._SX329_BO1,204,203,200_.jpg","Readers who enjoy contemporary romance novels may like Losing Hope Signed Limited Edition. Fans of Colleen Hoover's writing style, characterized by complex characters and emotional storylines, will also appreciate this book. This limited edition version is ideal for collectors or avid fans of the author.","Based on the author's previous works and the brief description provided, readers can expect a romance novel with complex characters and a heartfelt storyline. Fans of Colleen Hoover's style are likely to enjoy this book, but the limited edition aspect may also be a draw for collectors or avid fans of the author who want a special edition copy for their collection."
14,5525,7012,0.790324866771698,0.209675133228302,"https://m.media-amazon.com/images/I/51cNTRol3YL._SX330_BO1,204,203,200_.jpg","Young adult readers who enjoy poetic writing, romance, art, and a story about self-discovery and transformation would love Graffiti Moon. The book celebrates friendship, intellectual pursuits, and the beauty of language. It is perfect for readers who appreciate witty and realistic dialogue, and a well-crafted plot that follows two characters on a one-night adventure through the streets of Melbourne, Australia.","The book is recommended for young adults who enjoy reading about self-discovery and transformation. The author's poetic writing is beautifully crafted, and it celebrates language and art. The book revolves around a one-night adventure of two characters who are on a quest for answers. Along the way, they populate the Australian-street art landscape and follow clues that lead them to a party. Graffiti Moon is an action-packed read filled with twists and turns that will keep readers on the edge of their seats. Additionally, the witty and realistic dialogue adds a romantic and humorous quality to the novel."
15,4521,5784,0.790271520614624,0.20972847938537598,"https://m.media-amazon.com/images/I/41to0AB4sUL._SX331_BO1,204,203,200_.jpg","Readers looking for a YA paranormal romance with mythology, suspense, and action would enjoy Wake (Watersong) by Amanda Hocking. The story has a well-structured plot, a blend of colors between myth and modernity, and exceptional character development. The book has themes of young love, high school, family, and underwater mythology that are appealing to teenagers. Although the book has dark elements, the supernatural aspects have a gentler touch that may be enjoyable even for younger readers. If you're a fan of contemporary teen life combined with mystery and paranormal suspense, this is the book for you.","Wake is a YA paranormal romance story set under the sea. The themes of high school, family, young love, and mythology make it appeal to teenagers who enjoy fantasy and fiction. Amanda Hocking blends mythology with contemporary elements by presenting an easy-to-read paranormal suspense story that is exciting to readers. The book is full of mythology, high intrigue, paranormal lore, romance, and suspense, which explains its appeal to fans of supernatural elements with the gentler touch. Also, the book is charged with suspense and action, from the well-structured plot to character development making it an excellent choice for readers who love stories with twists and turns."
16,49,58,0.7901907563209534,0.20980924367904663,"https://m.media-amazon.com/images/I/41YRkiuKuzL._SX328_BO1,204,203,200_.jpg","This book is perfect for young adults who enjoy reading psychological mysteries that involve suspense, romance, and some supernatural elements. It particularly appeals to readers who enjoy unreliable narrators, as the titular character's mental state is constantly in question. Readers who enjoyed the first book in the trilogy will find themselves drawn into the continued intrigue and high-stakes plotlines of The Evolution of Mara Dyer.","The book contains elements that would appeal to a young adult audience, such as themes of self-discovery, romance, and family relationships. However, it also provides suspenseful and creepy elements that make it a page-turner for fans of psychological thrillers. The fact that the narrator's mental state is constantly questioned throughout the book adds an extra layer of complexity to the plot, making it a thought-provoking read. Additionally, fans of the first book in the trilogy will be satisfied with the continuation of the story and the new mysteries that are introduced."
17,4367,5569,0.7901625037193298,0.20983749628067017,"https://m.media-amazon.com/images/I/51v4Wurfm-L._SX329_BO1,204,203,200_.jpg","The List, by Siobhan Vivian, is a young adult novel that explores the themes of femininity, sisterhood, relationships, and the damaging effects of physical appearance on self-esteem. It is recommended for young teenage girls who are struggling with these issues and are seeking to understand and navigate the complex social dynamics of high school. While the novel deals with important and sensitive issues, it does so in a thoughtful and nuanced way that avoids moralistic platitudes and instead seeks to create meaningful conversations around these subjects.","The focus of The List is on the experiences of high school girls, particularly on how physical appearance shapes their social status and self-esteem. The novel provides an honest and empathetic portrayal of the complex and often painful dynamics of adolescent female relationships, and seeks to offer guidance and support to young teenage girls who may be going through similar struggles. The book avoids simplistic moralizing and instead provides a thoughtful and nuanced exploration of these complex issues that is sure to resonate with many readers."
18,3932,5038,0.7901368737220764,0.20986312627792358,"https://m.media-amazon.com/images/I/51C-MzbAAzL._SX331_BO1,204,203,200_.jpg","Young adult readers who enjoy romantic novels filled with love triangles, witty dialogues, sarcastic characters, mean girl confrontations, and dramatic intrigue, will find Such a Rush to be an excellent read for summer. The story centers on the life of Leah, a strong female character who falls in love with twin brothers. This book is perfect for those seeking a blend of romance and realism in their summer read.","The description of the book highlights the presence of elements such as love triangles, sarcastic characters, dramatic intrigue, and witty dialogues. These elements are often appealing to young adults who enjoy romantic novels. The story's protagonist, Leah, being a strong female character, is also a noteworthy aspect for young adult readers who enjoy female-driven narratives. Finally, the reviewer's positive feedback suggesting that the book has it all with its blend of romance, interesting characters, and dramatic intrigue further supports the view that young adult readers who enjoy romantic novels with a real dose of drama would enjoy Such a Rush. "
19,192,252,0.7901197075843811,0.2098802924156189,"https://m.media-amazon.com/images/I/51NGt1zrFOL._SX328_BO1,204,203,200_.jpg",Fans of young adult romance novels would enjoy reading Crash into You. It portrays an unlikely love story between two people from different social classes who share a passion for racing cars and overcoming their fears. Recommended for readers who enjoy romantic teen novels such as those written by Simone Elkeles or Abbi Glines.,"The book's plot centers around the relationship between two characters from different backgrounds who are drawn together by their love of high-speed car racing and the obstacles they must overcome to be together. The book has a Romeo and Juliet-style of romance where love conquers all, making it appealing to fans of young adult romance novels. Additionally, the combination of the danger of car racing with the thrill of first love makes Crash into You an enticing read for teens. Finally, the book has been recommended for readers who enjoy the books of Simone Elkeles and Abbi Glines who are well-known writers in this genre, cementing its appeal to the fans of this type of novel."
20,1767,2256,0.7899919152259827,0.21000808477401733,"https://m.media-amazon.com/images/I/51BYL6IlTQL._SX329_BO1,204,203,200_.jpg","Fans of supernatural mysteries with a dark twist will enjoy Graveminder by Melissa Marr. The story is about a small town that exists alongside a shadowy land of the dead where the living and the dead are dangerously connected. The book also explores the idea of fate and choice, as the characters discover they have a destiny to fulfill since they were born. The mythology of the Graveminder is based on traditions of ancestor regard and duty to the dead across different cultures. The dead must be nourished with food, drink, and story for a set time, or else they will come back to get the nourishment they need from the living. The book has a sense of liminality and borderland, with characters who are always strangers in a strange land.","Graveminder combines elements of supernatural mystery, fate, and the duty to the dead from different cultures to create an intriguing and unique world. Fans of suspenseful stories and dark twists will enjoy the book's exploration of the connection between the living and the dead, and the idea that the dead must be properly minded to avoid returning to take from the living. The book's sense of liminality, with its juxtaposed worlds and characters who exist because of the lines, sets it apart. Additionally, the characters' internal struggle with fate and choice gives another level of depth to the story. Overall, Graveminder is an engaging read that will satisfy readers looking for a blend of supernatural elements, mythologies, and mysteries."
21,680,907,0.7897461652755737,0.21025383472442627,"https://m.media-amazon.com/images/I/51JkO102LAL._SX326_BO1,204,203,200_.jpg","Fans of fast-paced, action-packed dystopian young adult literature, with a heavy romantic component, will enjoy Ignite Me. Tahereh Mafi writes with bold, inventive prose, creating characters that readers will become invested in, and a plot that keeps them on the edge of their seats until the very end. Readers who liked the Beautiful Creatures or Fallen series, or Twilight, will find this addictive and satisfying.","The reviews of the Shatter Me series by Tahereh Mafi, of which Ignite Me is the third and final book, indicate that this book is well beloved by fans of the genre. Reviewers praised the intense, romantic relationship between the characters, the riskiness of Mafi's storytelling, and the fast-paced action scenes that vividly portray the dangers the characters are facing. The Shatter Me series, of which Ignite Me is the conclusion, has been compared to popular young adult dystopian literature like Delirium, Fire, and Twilight, indicating that fans of those series would likely enjoy this book. Overall, the book is a thrilling read that will leave readers satisfied yet eagerly awaiting more."
22,2119,2674,0.7897137999534607,0.2102862000465393,"https://m.media-amazon.com/images/I/51Qkv5tTPbL._SX329_BO1,204,203,200_.jpg","Readers who enjoy romantic YA novels with intriguing plots and multifaceted characters would enjoy Fracture. Teen audiences who appreciate stories that explore life and death will be drawn to this book. Furthermore, those looking for stories that present a high-school setting with different social classes will also appreciate Fracture.","The book Fracture offers an intriguing storyline that combines romance, death, and high-school experiences, making it appealing to young adult audiences. The main character Delaney's newfound power provides an unusual twist to the traditional romantic novels, and the presence of Troy in her life explores the fear, love, and hate relationships found in many YA love stories, making it enjoyable for readers who like romances. The themes of life and death, coupled with high school hierarchy and relationships, broaden the potential readership. Furthermore, the inclusion of a high school setting with various social classes provides further depth to the book's appeal to its targeted readership."
23,2429,3097,0.7896831035614014,0.21031689643859863,"https://m.media-amazon.com/images/I/51WSIkJuAEL._SY291_BO1,204,203,200_QL40_FMwebp_.jpg","Fans of young adult mystery novels will enjoy The Name of the Star (The Shades of London) due to its thrilling and atmospheric plot, as well as the romantic undertones throughout the story. The book is also recommended for readers who enjoy Cassandra Clare's writing style and those who have previously enjoyed the author's work. Fans of Johnson's other books, including 13 Little Blue Envelopes, will find similar themes of adventure and self-discovery in this novel. However, readers who are not interested in mysteries or Young Adult fiction may not find this book engaging.","The Name of the Star (The Shades of London) is a Young Adult mystery novel with plenty of thrilling and atmospheric details that fans of the genre will enjoy. The book's plot is well-written and keeps the reader engaged from start to finish, while the romantic elements add an interesting layer to the story. Additionally, the book is written in a style similar to Cassandra Clare's work, giving fans of her writing an additional reason to read it. Johnson's writing style and story themes also make this book a good choice for fans of her previous work like 13 Little Blue Envelopes. However, those who are not interested in mysteries or Young Adult fiction may not find it enjoyable."
24,2315,2922,0.7896726727485657,0.21032732725143433,"https://m.media-amazon.com/images/I/41f+laZyhNL._SY344_BO1,204,203,200_.jpg","Fans of contemporary romance novels with humorous, poignant, and steamy moments would enjoy Faking It (Losing It) by Cora Carmack.","The book has received positive reviews from multiple bestselling authors, who have applauded the author's ability to blend humor, heartache, love, and heat seamlessly. The book is a perfect mix of sexual tension, heartache, and fabulous characters, all wrapped up with a hefty dose of humor. The story has a slice-of-life feel and is a relatable fantasy for every woman. Those who enjoy books with strong chemistry and deep emotional connection will thoroughly enjoy Faking It."
25,188,248,0.7895627021789551,0.21043729782104492,"https://m.media-amazon.com/images/I/51PjZevjO9L._SX320_BO1,204,203,200_.jpg","Fans of new-adult fiction and contemporary romance novels will enjoy Maybe Someday by Colleen Hoover. The book tells a beautiful and emotional story of an unexpected love affair between Sydney, a heartbroken girl who is cheated on by her boyfriend, and Ridge, a talented musician whom Sydney develops an attraction to over their musical collaboration. The book features relatable and lovable characters, true-to-life emotions, and plenty of sexual tension. Additionally, the book includes original songs, making it a unique reading and listening experience for fans. Overall, Maybe Someday is a captivating and passionate journey that will leave readers feeling warm and fuzzy inside.","The opinions of multiple fans and reviewers of Maybe Someday have been overwhelmingly positive, with many describing it as one of Colleen Hoover's best works yet. The book appeals to readers who enjoy books with relatable characters, emotional love stories, and unique elements, such as the inclusion of songs that add another dimension to the reading experience. The book's universality in describing emotions such as heartbreak, attraction, and passion makes it relatable to any reader, making it a recommended read for fans of contemporary romance, new-adult fiction, and those who enjoy emotional stories."
26,3933,5040,0.7895396947860718,0.21046030521392822,"https://m.media-amazon.com/images/I/41yMXTLycPL._SX322_BO1,204,203,200_.jpg","Fans of lighthearted romantic comedies set in Miami, and those who enjoy stories about characters who have to take self-improvement journeys to achieve their goals, will enjoy 'In Need of Therapy'.","Tracie Banister's novel 'In Need of Therapy' tells the story of a protagonist, a young woman named Pilar who, after a series of unfortunate events, decides to embark on a self-improvement journey to find her true self and the love of her life. The book features humorous moments, a Miami setting, and a relatable protagonist that readers will root for. Those who enjoy lighthearted romantic comedies will find this book to be a good fit for their tastes. Additionally, readers who enjoy stories that center around characters taking journeys of self-improvement to achieve their goals and find happiness in their lives will also appreciate this novel."
27,5315,6763,0.7895364165306091,0.21046358346939087,"https://m.media-amazon.com/images/I/51bwk15wjeL._SY291_BO1,204,203,200_QL40_FMwebp_.jpg",Young adult readers who enjoy a heartwarming holiday romance with a literary twist may enjoy Dash & Lily's Book of Dares.,"The book follows the story of two teenagers who explore the city of New York during Christmas through a red Moleskine notebook with a list of literary clues. The book is appealing to well-read teenagers who enjoy literary references and a romantic plot. While the teens' experiences might not be typical, their emotions are relatable, making it a heartwarming read. Additionally, readers who enjoyed the authors' prior book Nick & Norah's Infinite Playlist may enjoy this novel."
28,949,1258,0.7895219922065735,0.2104780077934265,"https://m.media-amazon.com/images/I/51e52Cgd8BS._SX322_BO1,204,203,200_.jpg","Fans of steamy romance novels will enjoy Working It: A Love by Design Novel. The story follows Emerson, a relatable and down-to-earth heroine in the glamorous but challenging world of modeling. The chemistry between Emerson and Ben, a male supermodel, is palpable, making for a hot and sexy read. The fast-paced writing style and emotional storyline will captivate readers. This book is perfect for those who enjoy a little Devil Wears Prada with a steamy twist.","The summary is derived directly from the description provided with the book. The praise for the book from various bestselling authors suggests that it is well-written and highly entertaining. The focus on the relationship between Emerson and Ben and the steamy scenes will appeal to fans of romance novels, while the behind-the-scenes glimpse into the world of modeling adds an interesting aspect to the story. Overall, the book seems to be a quick and enjoyable read for those who enjoy romance novels with a touch of steaminess."
29,6081,7721,0.7894466519355774,0.2105533480644226,"https://m.media-amazon.com/images/I/41+aRFrtTpL._SX329_BO1,204,203,200_.jpg","Unbreak My Heart by Melissa Walker would appeal to young adults and teenage girls who enjoy reading contemporary romance novels with emotional depth. The story focuses on the journey of the protagonist as she deals with heartbreak, self-discovery, and healing. The themes of love, loss, and personal growth make this book perfect for those who enjoy character-driven narratives with relatable emotions and experiences.","The author's previous works and target audience suggest that Unbreak My Heart would be enjoyed by young adults and teenage girls who enjoy reading about emotional journeys and relatable experiences. The themes of love, heartbreak, and personal growth also align with the typical themes of contemporary romance novels. Additionally, the author's experience in writing for teenage girls and in managing a daily newsletter for young women also supports the conclusion that this book would appeal to a similar audience."
30,2116,2668,0.7894176244735718,0.21058237552642822,"https://m.media-amazon.com/images/I/41u-S-1WEML._SX328_BO1,204,203,200_.jpg","The Program is recommended for young adult readers who relish dystopian stories with intriguing plot, compelling characters and relate to societal and mental health issues. People interested in books like Delirium, Divergent may find The Program their cup of tea.","The book draws readers into a dystopian setting where suicide has become an epidemic, leading to the introduction of The Program that attempts to cure depression through the selective memory erasure. The story captivates with its strong character development, a compelling plot that holds readers' attention, and the portrayal of mental health issues and societal pressures. Teenagers grappling with depression and stress could relate to Sloane, James, and other characters as they go through journeys of self-discovery and healing. The book successfully weaves themes of love, loss, and sacrifice into the story, making it an emotional rollercoaster ride. Overall, The Program would appeal to young adult readers interested in dystopian, mental health, and societal issues, and fans of Delirium, Divergent, and similar titles."
31,733,971,0.7894005179405212,0.21059948205947876,"https://m.media-amazon.com/images/I/51eiaCwhqrL._SX329_BO1,204,203,200_.jpg","Revived by Cat Patrick is a science fiction novel that is perfect for young adults who enjoy romance and suspense. In particular, readers who appreciate the exploration of life, death, love, and friendship will find it engaging.","The book explores the theme of death and the concept of what happens when someone dies, which will appeal to young adults who are interested in this topic. The romantic storyline adds a layer of intrigue and will engage readers who appreciate the mixture of romance and science-fiction. The book is filled with twists and turns, keeping the readers on their toes, which will keep them engaged throughout the story. Additionally, the friendship angle enhances the storyline, adding depth to the characterizations and the plot. Overall, this book is perfect for young adults who enjoy science fiction with a touch of romance and suspense."
32,2433,3101,0.7893812656402588,0.2106187343597412,"https://m.media-amazon.com/images/I/51QyJeqJjJL._SX331_BO1,204,203,200_.jpg","Fans of young adult romance will enjoy Lola and the Boy Next Door, especially those who enjoy stories about finding love in unexpected places. This book would also appeal to readers who like stories about personal growth and discovering one's true self.","Lola and the Boy Next Door is a coming-of-age love story that deals with themes of identity and personal growth. The main character, Lola, must navigate her feelings for her longtime crush and the boy next door while also dealing with issues of self-discovery and family dynamics. This story will resonate with young adult readers who enjoy stories about romance and self-discovery."
33,89,112,0.7892539501190186,0.21074604988098145,"https://m.media-amazon.com/images/I/510q+iCQiTL._SX327_BO1,204,203,200_.jpg","Fans of young adult romance novels would enjoy 'The Statistical Probability of Love at First Sight'. Set on a transatlantic flight, the story explores the possibility of love at first sight and the importance of slowing down to recognize and appreciate life's opportunities. The protagonist, Hadley, is a relatable character with honest family relationships and fragmented emotions, making her easily identifiable for many readers. The book also features references to classic literature, such as Dickens' 'Our Mutual Friend'. Overall, the book is a heartwarming and engaging love story that appeals to young adult readers who enjoy a mix of romance, self-discovery, and themes of family and personal growth.","The book's main focus on young adult romance, combined with relatable characters, emotional depth, and references to classic literature, make it an ideal read for young adult readers who enjoy a mix of romance, self-discovery, and themes of family and personal growth. The setting of the book, on a transatlantic flight, adds a unique backdrop to the story and explores themes of connectivity and slowing down to appreciate life's opportunities. Overall, the book offers a heartwarming and engaging love story that appeals to its target audience of young adult readers."
34,6331,8028,0.7891268730163574,0.21087312698364258,"https://m.media-amazon.com/images/I/51gmUJm7hZL._SX328_BO1,204,203,200_.jpg","Readers who enjoy Young Adult fiction with themes of grief, romance, and self-discovery would enjoy 'In Honor'. The book is a heart-warming tale of two people who go on a road trip to fulfill the last request of a fallen soldier, leading to healing and closure for their shared loss. The story is relatable, with the characters dealing with personal struggles and growing emotionally throughout the journey.","The book has a touching storyline that deals with a relevant and relatable issue of losing a loved one in the war. It explores the emotions of grief, guilt, and self-discovery in an authentic way that is engaging to readers. The romantic subplot provides a nice balance to the poignant plot, adding a new layer to the story. The author's portrayal of the main characters and their relationship is nuanced and realistic, making it easy for readers to connect with them. Overall, 'In Honor' is an excellent read for those who enjoy YA contemporary fiction with a message."
35,5531,7019,0.789084255695343,0.21091574430465698,"https://m.media-amazon.com/images/I/51LrlsPairL._SX331_BO1,204,203,200_.jpg","The Day Before is a heartfelt book that would appeal to those who appreciate lyrical writing and poignant stories. Readers who enjoy books about the importance of friendship, love, and compassion would resonate with this novel.","The endorsement by bestselling author Sarah Ockler praises the lyrical and vivid writing of this book, which suggests that those who appreciate beautiful writing would enjoy it. The mention of themes such as the importance of friendship, love, and compassion in the summary is likely to resonate with readers who enjoy stories with similar themes. Overall, the book seems to be an emotional and touching read that would appeal to those who appreciate heartfelt stories."
36,2425,3093,0.7890344858169556,0.21096551418304443,"https://m.media-amazon.com/images/I/31MFzPtwVPL._SY261_BO1,204,203,200_.jpg","Young adult readers who enjoy werewolf stories filled with action and romance would likely enjoy Hemlock. The book presents a unique twist in the genre, with a focus on trust, betrayal, prejudice, and identity, which is relatable to teens. Fans of Sarah Beth Durst, Sophie Jordan, Maggie Stiefvater, and Stephenie Meyer are also recommended to read this book.","The reviews of Hemlock are all positive, providing insights into how the book is critically acclaimed. The book is well-written, with seamless writing and plenty of action. The characters explore serious issues that are relevant to the young adult audience, such as trust, betrayal, prejudice, and identity. There is a well-crafted intense love triangle in the book, which is enjoyable to fans of romance. Comparisons with Sarah Beth Durst, Sophie Jordan, Maggie Stiefvater, and Stephenie Meyer imply that Hemlock is unique and different than typical werewolf books in the genre. Overall, Hemlock provides a refreshing and engaging read with intense emotions, perfect for young adults who love paranormal stories."
37,2789,3566,0.7890189290046692,0.2109810709953308,"https://m.media-amazon.com/images/I/51bYmtxhSpL._SX302_BO1,204,203,200_.jpg","Fans of dark urban fantasy with a taste for drugs, ghosts, and conspiracies will enjoy Unholy Ghosts, the first book in the Downside Ghosts series. The story revolves around Chess Putnam, an anti-heroine who works for the Church of Real Truth, and her investigation of an abandoned airfield, a human sacrifice, and a conspiracy against the church. The narrative is atmospheric and well-written, but the characters are ambiguous and lack heart. The book's focus on drugs, ghosts, and dark conspiracies will appeal to fans of gritty, dystopian urban fantasy.","The book's description emphasizes its dark and gritty tone, as well as its futuristic and dystopian setting. Fans of urban fantasy will likely enjoy the focus on ghosts, drugs, and conspiracies, as well as the anti-heroine protagonist. However, the description also suggests that the book's characters may be too ambiguous and unsympathetic for some readers, and that the story lacks emotional depth. Overall, the book's focus on dark themes and urban fantasy tropes, alongside a complex and morally compromised protagonist, make it a good fit for fans of the genre."
38,2878,3674,0.7889821529388428,0.21101784706115723,"https://m.media-amazon.com/images/I/51X6h6FfLXL._SY291_BO1,204,203,200_QL40_FMwebp_.jpg",Readers who enjoy poetic and vividly described narratives with sharply observed character interactions may find Life Is But a Dream to be a compelling and necessary book. This book may also resonate with those who can relate to Sabrina's struggle of going through life with a brain whose perceptions she can't trust.,The reviews mentioned in the book description frequently praise the poetic and vivid descriptions of the book and how it evokes emotions and leaves a lasting impact on readers. The depiction of the main character's struggle with an unreliable perception of reality can also be relatable to some readers who may find solace or empathize with the character.
39,374,488,0.7889438271522522,0.2110561728477478,"https://m.media-amazon.com/images/I/51Zbs6dpu2L._SX326_BO1,204,203,200_.jpg","Readers who enjoy young adult romance novels with a hint of mystery and drama would enjoy Depths (Lengths). It is suitable for those who are fans of the authors, Steph Campbell and Liz Reinhardt. The audiobook version of the novel is recommended for those who enjoy voice-over and audiobooks. ","The description mentions that the authors of Depths (Lengths) have previously written young adult romance novels. Therefore, it is reasonable to assume that fans of their previous works would enjoy this novel. The text also suggests that Depths (Lengths) contains mystery and drama elements, catering to readers who are fond of these storytelling aspects. The quote also mentions that the audiobook version of Depths (Lengths) features award-winning narrators Abby Craden and Sean Crisden, making it more appealing to those who are interested in voice-over and audiobooks."
40,2426,3094,0.7889155149459839,0.2110844850540161,"https://m.media-amazon.com/images/I/41GCbnA2T-L._SX335_BO1,204,203,200_.jpg","Readers who enjoy young adult romantic fantasy novels would enjoy 'Of Poseidon (Syrena Legacy)'. The novel centers on a romance between a human girl, Emma, and a Syrena merman, Galen. With its blend of myth, romance, and suspense, this novel is perfect for readers who enjoy fantasy novels with a heavy dose of romance and drama. Emma is an independent and strong-willed protagonist, which will appeal to readers who enjoy following female characters who don't need to be rescued. Fans of Marissa Meyer and other authors in the young adult romantic fantasy genre will enjoy this book.","The Syrena Legacy series by Anna Banks explores the world of human-merfolk relations, making it an intriguing read for young adult audiences who find the lives of mer-people fascinating. The novel combines a teenage romance, action, fantasy, and mystery, all wrapped up with a coastal setting. Emma is a relatable protagonist who carries most of the story with her dry humor and relatable emotions. The book is perfect for readers who enjoy novels similar to Marissa Meyer's Cinder series, and for those who enjoy romance blended with mermaid mythology."
41,2556,3254,0.7888867855072021,0.21111321449279785,"https://m.media-amazon.com/images/I/51VZa+NHlFL._SX309_BO1,204,203,200_.jpg","Fans of Cora Carmack's quirky and honest writing style, as well as readers who enjoy contemporary romance novels featuring twenty-something protagonists, would enjoy Keeping Her: A LOSING IT Novella.",The description of the author herself and her writing style suggests that the novella will have relatable and engaging characters in a contemporary setting. The mention of a romantic theme and the protagonist's age group further supports this idea. Fans of the LOSING IT series or those looking for a shorter read may also find this book appealing.
42,2949,3757,0.7888731360435486,0.21112686395645142,"https://m.media-amazon.com/images/I/51IGDM-I3oL._SY291_BO1,204,203,200_QL40_FMwebp_.jpg","Readers who enjoy historical fiction, young adult fiction, and spy thrillers will all find something to enjoy in The Agency 1: A Spy in the House. The story follows Mary Quinn, a 17-year-old undercover agent during the 1850s in Victorian London, and blends classic Victorian mystery and melodrama with themes of class differences, love, and women's roles in society. Lee's writing style is descriptive and allows readers to immerse themselves in the setting along with the characters.","The book's setting during the Victorian era and focus on espionage make this book a good choice for readers interested in historical fiction and spy thrillers. The age of the protagonist and themes of coming of age, love, and discrimination make it well-suited for young adult audiences. Lee's descriptive writing helps create an immersive experience for readers, particularly those who enjoy detailed world-building and settings."
43,5496,6978,0.7888591289520264,0.21114087104797363,"https://m.media-amazon.com/images/I/51M1xoZqIpL._SX328_BO1,204,203,200_.jpg",Teenagers and young adults who enjoy suspenseful reads with a hint of romance and family dynamics would enjoy We Were Liars.,"We Were Liars is a young adult novel that revolves around a wealthy family and the events that transpired on their private island. It has a suspenseful plot with unexpected twists that would appeal to teenagers and young adults. The novel also has hints of romance and family dynamics that add to its complexity and appeal to readers who enjoy these themes. It tackles themes such as prejudice, greed, and shifting patriarchal favoritism which would appeal to readers who enjoy reading about social issues. Overall, the novel's compelling plot and complex characters make it an enjoyable read for teenagers and young adults."
44,45,53,0.7888427376747131,0.21115726232528687,"https://m.media-amazon.com/images/I/51FOxtmC11L._SY291_BO1,204,203,200_QL40_FMwebp_.jpg",Fans of young adult dystopian novels with a focus on romance and action would enjoy Unravel Me (Shatter Me).,"Unravel Me (Shatter Me) is the second book in the Shatter Me series, which is popular with young adults. This book continues the story of the main character, Juliette, as she navigates a dystopian world with abilities that make her a target. The book includes action scenes, a romantic storyline, and explores themes such as power and control. Fans of similar young adult dystopian series like The Hunger Games or Divergent may also enjoy this book."
45,5920,7511,0.7888122200965881,0.21118777990341187,"https://m.media-amazon.com/images/I/51p+oQR1b2L._SX320_BO1,204,203,200_.jpg","Readers who enjoy coming-of-age novels, particularly those with a quirky writing style, will appreciate Huge: A Novel. Eugene Huge Smalls' unique perspective and imagination make for an entertaining story with relatable emotions and experiences. Additionally, fans of mysteries and detective stories may enjoy the distorted lens through which Huge views the world.","While the plot lacks direction, the novel's strength lies in its portrayal of the teenage protagonist and his relationships with family members. The narrator's imaginative interpretation of the events surrounding the crime investigation is reminiscent of Sherlock Holmes or Philip Marlowe, but with a distinctly adolescent twist. The writing style is quirky and may appeal to readers who enjoy offbeat humor. Although the novel is not a traditional mystery, it includes elements of the genre which may attract readers who enjoy the distorted lens through which Huge views the world."
46,6890,8721,0.7887917160987854,0.2112082839012146,"https://m.media-amazon.com/images/I/41-4TqrkOcS._SX310_BO1,204,203,200_.jpg","Readers who enjoy heartwarming romantic novels, especially those with a setting in a winery, would enjoy 'Autumn in the Vineyard (A St. Helena Vineyard Novel)'. Fans of the author's previous works would also appreciate this book.","The description mentions that the book is a heartwarming romance set in a vineyard, giving readers a glimpse into the wine culture and specific location of St. Helena. Reviews also mention that fans of the author's previous works would enjoy it, indicating that readers who appreciate the author's writing style would enjoy this book as well."
47,156,207,0.7887752056121826,0.21122479438781738,"https://m.media-amazon.com/images/I/51tXzVB8PgL._SX311_BO1,204,203,200_.jpg","Fans of steamy romance novels with a touch of danger and intrigue would enjoy Vain: Book One of The Seven Deadly Series. The book appeals to those who enjoy themes of redemption, moral dilemmas and complex relationships. Mature readers who are comfortable with explicit sexual content and an anti-hero protagonist will find Vain particularly satisfying.","Based on the title and genre of the book, Vain is likely to be a romance novel with a darker edge. The use of the term 'deadly' in the series title suggests potentially controversial themes such as illicit behavior, danger, and moral dilemmas. Readers looking for a romance novel that combines heavy themes with explicit content and an anti-hero protagonist may greatly enjoy reading Vain."
48,184,243,0.7887729406356812,0.21122705936431885,"https://m.media-amazon.com/images/I/51Sp0eP8XlL._SX331_BO1,204,203,200_.jpg","Fans of supernatural fiction with a blend of romance, suspense, and time-transcending stories would enjoy The Reckoning: Book Two of the Taker Trilogy. It is a captivating story with fascinating characters, including a perfect mix of villain and hot guy, that keeps readers spellbound throughout the book. The novel propels readers across different time periods and beautiful locations all over the world and offers a unique portrayal of everlasting love and unrelenting obsession that knows no boundaries. Overall, it is a breathtaking and mesmerizing read that has left readers anxiously awaiting the final volume of the trilogy.","The Reckoning: Book Two of the Taker Trilogy is the second installment of Alma Katsu's supernatural thriller trilogy. Its description highlights that it appeals to fans of supernatural fiction, containing elements of romance, suspense, and time-transcending stories that would enchant readers from start to finish. The praise from various critics and reviews also suggests that the book lives up to its initial vision, staying true to the author's style and offering a captivating story with rich, satisfying, and convincing characters. Overall, the book sounds like an excellent choice for readers who are looking for a thrilling page-turner with supernatural elements, a distinct blend of genres, and engaging characters. The book's strong points, such as its time-transcending story and portrayal of obsession and everlasting love, would certainly captivate the target readers while leaving them eagerly anticipating the next installment."
49,747,989,0.7887564897537231,0.21124351024627686,"https://m.media-amazon.com/images/I/41PA6ACP0UL._SX323_BO1,204,203,200_.jpg","This is a fantasy and romance novel that would appeal to young adult readers who enjoy stories of gods, mythology, and immortal beings. Fans of Greek mythology and stories of alternate worlds featuring fantastical creatures and magic would find this book engaging and entertaining. The romance aspect of the story would also appeal to readers who enjoy stories of forbidden love and dramatic relationships."", ""reasoning"": ""The book features themes and motifs that are common in young adult literature, such as romance and fantasy elements. The story also draws heavily from Greek mythology, which is a popular subject for entertainment and has been portrayed in many different forms. Additionally, the book features a protagonist who is navigating the challenges of being immortal and dealing with relationships with other immortal beings. These themes and elements would appeal to young adult readers who enjoy these types of stories.""}","The book features themes and motifs that are common in young adult literature, such as romance and fantasy elements. The story also draws heavily from Greek mythology, which is a popular subject for entertainment and has been portrayed in many different forms. Additionally, the book features a protagonist who is navigating the challenges of being immortal and dealing with relationships with other immortal beings. These themes and elements would appeal to young adult readers who enjoy these types of stories."
50,444,580,0.7887383103370667,0.21126168966293335,"https://m.media-amazon.com/images/I/41ay8kWGYPL._SX322_BO1,204,203,200_.jpg",Young adults who enjoy books with complex characters and engaging plot twists would enjoy 'Where You Are (Between the Lines #2)' by Tammara Webber.,"The book has received positive reviews for its fast-paced, drama-filled plot and well-developed characters. It is a sequel that has been praised for exceeding the high expectations set by its predecessor. Additionally, the book has been described as having cute and sweet scenes without being overly cheesy, making it an enjoyable read for those who appreciate those elements in a young adult book. Overall, the reviews suggest that anyone who enjoys young adult books filled with complex characters and engaging plot twists would enjoy this book."
